Set No.,Tune No.,Tune Title,Learning Video,Genre,Added,Rhythm,Key,Mode,Part
1,1,The Lilting Banshee,https://youtu.be/SHIHGcLt_WA,Irish,19/10/2021,Double Jig,A,Dorian,2
1,2,Christy Barry's Jig,https://youtu.be/kobiQ85UX5M,Irish,20/10/2021,Double Jig,G,Major,2
2,3,Off to California,https://youtu.be/Drs0pbBEqUI,Irish,21/10/2021,Hornpipe,G,Major,2
2,4,The Boys of Bluehill,https://youtu.be/ebeq4PSiQf0,Irish,22/10/2021,Hornpipe,D,Major,2
3,5,The Butterfly,https://youtu.be/SRg2wFzHAUw,Irish,23/10/2021,Slip Jig,E,minor,3
4,6,The Road to Lisdoonvarna,https://youtu.be/CnzJUMaKxg0,Irish,25/10/2021,Slide,E,Dorian,2
5,7,John Egan's Polka,https://youtu.be/vk-Eg1WcV-s,Irish,26/10/2021,Polka,D,Major,2
5,8,The Britches Full of Stitches,https://youtu.be/NmKWM3vMbyE,Irish,27/10/2021,Polka,G,Major,2
6,9,Rolling in the Ryegrass,https://youtu.be/JG4OMNkKjQ4,Irish,28/10/2021,Single Reel,D,Major,2
6,10,Drowsy Maggie,https://youtu.be/QcVbQOUNgRM,Irish,29/10/2021,Single Reel,E,Dorian,2
7,11,The Sally Gardens,https://youtu.be/ispQQ5GMzjc,Irish,1/11/2021,Double Reel,G,Major,2
7,12,The Hunter's Purse,https://youtu.be/3Ey_3gRQWFk,Irish,2/11/2021,Double Reel,A,Dorian,2
8,13,Sonny Brogan's,https://youtu.be/Y04M53YgdnQ,Irish,3/11/2021,Mazurka,D,Major,2
8,14,Vincent Campbell's,https://youtu.be/MSQYCdCnQGM,Irish,4/11/2021,Mazurka,G,Major,2
9,15,Lucy Farr's,https://youtu.be/fRAdtqwGOCI,Irish,5/11/2021,Barndance,G,Major,2
9,16,Kilnamona Barndance,https://youtu.be/wt8IgxWDm6U,Irish,8/11/2021,Barndance,G,Major,2
10,17,Creig's Pipes,https://youtu.be/ZPUt26COP4o,Irish,9/11/2021,Single Reel,G,Major,3
10,18,The Musical Priest,https://youtu.be/Yh2XW5TgJZo,Irish,10/11/2021,Single Reel,B,minor,3
11,19,Father O'Flynn,https://youtu.be/tD6mwzRyw70,Irish,11/11/2021,Double Jig,D,Major,2
11,20,Morrison's,https://youtu.be/pOLznoXsVTQ,Irish,12/11/2021,Double Jig,E,Dorian,2
12,21,Fig for a Kiss,https://youtu.be/yCH1-ydFhNo,Irish,15/11/2021,Slip Jig,E,Dorian,2
12,22,The Little Fair Caravan,https://youtu.be/lvXIi9JdWz4,Irish,16/11/2021,Slip Jig,G,Major,2
13,23,Castle Kelly,https://youtu.be/3AvrlXjc4ow,Irish,17/11/2021,Single Reel,A,minor,2
13,24,Man of the House,https://youtu.be/uGTv3IVbA1M,Irish,18/11/2021,Single Reel,E,Dorian,2
13,25,Come West along the Road,https://youtu.be/YcZXSysqPVk,Irish,19/11/2021,Single Reel,G,Major,2
14,26,Off She Goes,https://youtu.be/W2I6zwRbd40,Irish,22/11/2021,Single Jig,D,Major,2
14,27,John McHugh's,https://youtu.be/l0l5g955EXo,Irish,23/11/2021,Single Jig,G,Major,2
15,28,The Old Bush,https://youtu.be/AFRkwUfjxTE,Irish,24/11/2021,Double Reel,D,Mixolydian,2
15,29,The Star of Munstar,https://youtu.be/csU5390k3YI,Irish,25/11/2021,Double Reel,A,minor,2
15,30,The Silver Spear,https://youtu.be/DtmOYXIgxXE,Irish,26/11/2021,Double Reel,D,Major,2
16,31,Ballydesmond Polka no.1,https://youtu.be/Dl-Lni2MaOM,Irish,29/11/2021,Polka,A,Dorian,2
16,32,Ballydesmond Polka no.2,https://youtu.be/egeiIx7cggA,Irish,30/11/2021,Polka,A,Dorian,2
16,33,Ballydesmond Polka no.3,https://youtu.be/t5x9HWTLal8,Irish,1/12/2021,Polka,G,Major,2
17,34,Tripping up the Stairs,https://youtu.be/TvJt2Uwa2pw,Irish,2/12/2021,Double Jig,D,Major,2
17,35,The Irish Washerwoman,https://youtu.be/uAx7VWojBnE,Irish,3/12/2021,Double Jig,G,Major,2
18,36,Rights of Man,https://youtu.be/Yfs92Q87P5E,Irish,6/12/2021,Hornpipe,E,Dorian,2
18,37,The Harvest Home,https://youtu.be/rhHnZ0FP0lA,Irish,7/12/2021,Hornpipe,D,Major,2
19,38,Cooley's,https://youtu.be/lpDJNXI1Fcw,Irish,8/12/2021,Double Reel,E,Dorian,2
19,39,The Wise Maid,https://youtu.be/3G8PcirmAwk,Irish,9/12/2021,Double Reel,D,Major,2
19,40,The Banshee,https://youtu.be/oVeZ8LLfnRE,Irish,10/12/2021,Double Reel,G,Major,2
20,41,The Flogging,https://youtu.be/Qlhs0KyrWWk,Irish,13/12/2021,Single Reel,G,Major,3
20,42,The Foxhunter's Reel,https://youtu.be/D4fqd1QAzTI,Irish,14/12/2021,Single Reel,A,Major,5
21,43,The Banish Misfortune,https://youtu.be/cW9Sq6Lx73g,Irish,15/12/2021,Double Jig,D,Mixolydian,3
21,44,The Mist Covered Mountains,https://youtu.be/6oSYV1rGCE0,Irish,16/12/2021,Double Jig,A,Dorian,2
21,45,The Kesh,https://www.youtube.com/watch?v=jDWFnNEc7oc,Irish,17/12/2021,Double Jig,G,Major,2
22,46,Apple Blossom,https://youtu.be/jDWFnNEc7oc,Irish,20/12/2021,Slide,D,Major,2
22,47,The Star above the Garter,https://youtu.be/3k-0jeXfj38,Irish,21/12/2021,Slide,G,Major,2
22,48,The Lisheen Slide,https://youtu.be/i_Eh0Q3lY6o,Irish,22/12/2021,Slide,G,Major,2
23,49,The Blarney Pilgrim,https://youtu.be/XzoS-vhuwog,Irish,23/12/2021,Double Jig,D,Mixolydian,2
23,50,"Out on the Ocean, Out in the Ocean",https://youtu.be/9ac0e9dQPCU,Irish,24/12/2021,Double Jig,G,Major,2
24,51,The Earl's Chair,https://youtu.be/6mFSpThOWMw,Irish,27/12/2021,Double Reel,G,Major,2
24,52,Toss the Feathers no.1,https://youtu.be/7R7O6ZZuYOs,Irish,28/12/2021,Single Reel,E,Dorian,2
24,53,Toss the Feathers no.2,https://youtu.be/1yWoM7zPjQc,Irish,29/12/2021,Double Reel,D,Mixolydian,2
25,54,Promenade,https://youtu.be/3EB-lT41FWw,Irish,30/12/2021,Hop Jig,A,Dorian,2
25,55,The Boys of Ballisodare,https://youtu.be/7QdQ3jD0mgg,Irish,31/12/2021,Hop Jig,G,Major,2
26,56,The Boys of Malin,https://youtu.be/fi2qi9VX3uo,Irish,5/1/2022,Single Reel,A,Major,3
26,57,Paddy's Trip To Scotland ,https://youtu.be/Eoel5uT4hJg,Irish,3/1/2022,Double Reel,D,Major,2
26,58,The Gravel Walk,https://www.youtube.com/watch?v=fi2qi9VX3uo,Irish,4/1/2022,Single Reel,A,Dorian,4
27,59,The Priest and his Boots,https://youtu.be/x_lEElX3whI,Irish,6/1/2022,Single Jig,D,Major,2
27,60,Miller's Maggot,https://youtu.be/HbqlfeNK_ik,Irish,7/1/2022,Single Jig,G,Major,2
28,61,Over the Moor to Maggie,https://youtu.be/CXBbcq5c_Og,Irish,10/1/2022,Double Reel,G,Major,3
28,62,Farewell to Erin,https://youtu.be/gMBypaXpNeY,Irish,11/1/2022,Double Reel,A,Dorian,4
29,63,The Killavil Jig,https://youtu.be/F9sGAToWDxk,Irish,12/1/2022,Double Jig,E,Dorian,2
29,64,Tenpenny Bit,https://youtu.be/wxqGTZUEWqo,Irish,13/1/2022,Double Jig,A,Dorian,2
29,65,The Connaughtman's Rambles,https://youtu.be/OXCL_C2nGQ8,Irish,14/1/2022,Double Jig,D,Major,2
30,66,The Maid of Mt.Kisco,https://youtu.be/3fAlPC9OX-w,Irish,17/1/2022,Double Reel,A,Dorian,3
30,67,Christmas Eve,https://youtu.be/kC2lJ66HKcM,Irish,18/1/2022,Double Reel,G,Major,3
31,68,The Rolling Wave,https://youtu.be/M3GblGJQd7E,Irish,19/1/2022,Single Jig,D,Major,2
31,69,"This is my love, do you love her?",https://youtu.be/ZyINdb65uIo,Irish,20/1/2022,Single Jig,A,Dorian,2
32,70,Lord Mayo,https://youtu.be/oS3t-0JbRyo,Irish,21/1/2022,March,A,Dorian,2
33,71,Sliabh Russell,https://www.youtube.com/watch?v=ANI-128qJ6A,Irish,24/1/2022,Double Jig,A,Dorian,2
33,72,Jimmy Ward's,https://www.youtube.com/watch?v=bkCqfzIUXUk,Irish,25/1/2022,Double Jig,G,Major,2
34,73,Tom Sullivan's,https://www.youtube.com/watch?v=uQZo931GO5w,Irish,26/1/2022,Polka,D,Major,2
34,74,The Last Chance,https://www.youtube.com/watch?v=C4SYj4Y93XY,Irish,27/1/2022,Polka,A,Dorian,2
34,75,Bill Sullivan's,https://www.youtube.com/watch?v=JruLfdQByBE,Irish,28/1/2022,Polka,A,Major,2
35,76,Donnybrook Fair,https://www.youtube.com/watch?v=9bkDl596W_s&t=1s,Irish,31/1/2022,Double Jig,G,Major,2
35,77,The Mug of Brown Ale,https://www.youtube.com/watch?v=JKQLbkS0ErU,Irish,1/2/2022,Double Jig,A,Dorian,2
35,78,Whelan's,https://www.youtube.com/watch?v=TIiRKwsvvqA,Irish,2/2/2022,Double Jig,E,Dorian,2
36,79,Chief O'Neil's,https://www.youtube.com/watch?v=svFW3V1IrZI,Irish,3/2/2022,Hornpipe,D,Major,2
36,80,Fairie's Hornpipe,https://www.youtube.com/watch?v=MyZITDkPcFA,Irish,4/2/2022,Hornpipe,G,Major,2
37,81,Saint Anne's,https://youtu.be/ov5nZ_7X48E,Irish,30/3/2022,Double Reel,D,Major,2
37,82,The Congress,https://youtu.be/FmImYcASLmg,Irish,31/3/2022,Double Reel,A,Dorian,2
37,83,The Ships Are Sailing,https://youtu.be/9gLsQg38m5E,Irish,4/4/2022,Double Reel,E,Dorian,2
38,84,Frank Thornton's,https://youtu.be/sVhicGSTglE,Irish,6/4/2022,Fling,E,Dorian,2
38,85,The Road to Glountane,https://youtu.be/eGBkl54T9Ak,Irish,8/4/2022,Fling,A,Major,2
39,86,Atholl Highlanders,https://youtu.be/CrWC3sfsvBE,Irish,12/4/2022,March,A,Mixolydian,2
39,87,March from Oscar and Malvina,https://youtu.be/zsn89Rgjtsc,Irish,14/4/2022,March,D,Major,2
40,88,The Brosna Slide,https://youtu.be/7MVBjyrrmrA,Irish,16/4/2022,Slide,G,Major,2
40,89,Pádraig O'Keefe's Slide,https://youtu.be/rcttmWVggac,Irish,18/4/2022,Slide,A,Dorian,2
40,90,Denis Murphy's Slide,https://youtu.be/TmPbHyAZIKo,Irish,20/4/2022,Slide,D,Major,2
41,91,The Lark in the Morning,https://youtu.be/uePk0eyTb5Q,Irish,29/4/2022,Double Jig,D,Major,2
41,92,Willie Coleman's,https://youtu.be/Y0hdaknBnMQ,Irish,4/5/2022,Double Jig,G,Major,2
42,93,Denis Murphy's Polka,https://youtu.be/vrEbJqvEglw,Irish,11/5/2022,Polka,D,Major,2
42,94,Ievan Polkka,https://youtu.be/RII_JtSheJQ,Irish,12/5/2022,Polka,B,minor,2
42,95,John Ryan's,https://youtu.be/b6K0TAFQ_qQ,Irish,13/5/2022,Polka,D,Major,2
43,96,Dinkey's,https://youtu.be/phM4riBD7Zs,Irish,20/5/2022,Double Reel,A,Mixolydian,2
43,97,The Glass of Beer,https://youtu.be/2YC7lBwg-rk,Irish,22/5/2022,Double Reel,B,minor,2
43,98,The Humours of Tulla,https://youtu.be/xeWbYSi5p_0,Irish,28/5/2022,Double Reel,D,Major,2
44,99,O'Sullivan's March,https://youtu.be/Rqe3HBDNnZA,Irish,6/6/2022,March,G,Major,2
45,100,The King of the Fairies,https://youtu.be/D93Te-uTaT0,Irish,22/6/2022,Set Dance,E,Dorian,2
46,101,Rose in the Heather,https://youtu.be/fajn_uuI_nM,Irish,7/7/2022,Double Jig,D,Major,2
46,102,Saddle the Ponny,https://youtu.be/Yda7SVPtcwI,Irish,8/7/2022,Double Jig,G,Major,2
46,103,The Cliffs of Moher,https://youtu.be/3ei2T3I8YIs,Irish,10/7/2022,Double Jig,A,Dorian,2
47,104,The Sligo Maid,https://youtu.be/YBhSsXEcIIk,Irish,11/7/2022,Double Reel,A,Dorian,2
47,105,Maid behind the Bar,https://youtu.be/Kalxn6Zh5YA,Irish,12/7/2022,Double Reel,D,Major,2
48,106,Moll Roe,https://youtu.be/GYJDQTlXTaQ,Irish,13/7/2022,Slip Jig,G,Major,2
48,107,Hardiman the Fiddler,https://youtu.be/sNmi7dfK2hU,Irish,15/7/2022,Slip Jig,D,Mixolydian,2
49,108,Boyne Hunt,https://youtu.be/piTvCvlwk-k,Irish,19/7/2022,Single Reel,D,Major,2
49,109,Sporting Paddy,https://youtu.be/NF3_RIH_qZI,Irish,20/7/2022,Single Reel,A,Dorian,2
49,110,Mountain Top,https://youtu.be/FhdByio0RgY,Irish,21/7/2022,Single Reel,G,Major,2
50,111,Shoe the Donkey no.1,https://youtu.be/eGZ1SUC7kL0,Irish,26/7/2022,Mazurka,D,Major,2
50,112,Shoe the Donkey no.2,https://youtu.be/y_VZKe2ZX_o,Irish,27/7/2022,Mazurka,G,Major,2
51,113,An Phis Fhliuch (An Phis Fhiliuch),https://youtu.be/589UuVM_f4k,Irish,28/7/2022,Slip Jig,D,Mixolydian,5
51,114,The Kid on the Mountains,https://youtu.be/vSMfmvEL18U,Irish,29/7/2022,Slip Jig,E,Dorian,5
52,115,The South Wind,https://youtu.be/83zHl3dJRXM,Irish,31/7/2022,Song Air,G,Major,2
53,116,The Piper's Despair,https://youtu.be/4qzV_THSPvA,Irish,1/8/2022,Double Reel,E,Dorian,2
53,117,The Bird in the Bush,https://www.youtube.com/watch?v=ZBaYLZveb70,Irish,2/8/2022,Double Reel,G,Major,2
53,118,The Green Mountain,https://youtu.be/4BIb2GMTAfg,Irish,3/8/2022,Double Reel,D,Major,2
,119,Bonaparte Crossing The Rhine,https://youtu.be/Ey9wlK36gTY,Irish,15/12/2022,March,A,Dorian,2
52,120,Planxty Irwin,https://youtu.be/2RFXoRIO_74,Irish,5/8/2022,O'Carolan,G,Major,2
54,121,Bank of Ireland,https://youtu.be/KHjAjrMlNdo,Irish,8/8/2022,Double Reel,D,Mixolydian,2
54,122,Woman of the House,https://youtu.be/iPlNqVQJCoM,Irish,9/8/2022,Double Reel,D,Major,2
54,123,The Morning Dew,https://youtu.be/pO9OyPx91wE,Irish,10/8/2022,Single Reel,E,Dorian,3
55,124,Eagle's Whistle,https://youtu.be/DakaceggI0Q,Irish,11/8/2022,March,D,Major,2
55,125,Three Sea Captains,https://youtu.be/F6I84Fwtjkk,Irish,12/8/2022,Set Dance,G,Major,2
56,126,Carraroe Jig,https://youtu.be/8pf8W5TbQ5c,Irish,15/10/2022,Double Jig,D,Major,2
56,127,The Walls of Liscarrol,https://youtu.be/h6BfPOy_CGs,Irish,16/8/2022,Double Jig,D,Dorian,2
56,128,Geese in the Bog,https://youtu.be/81YZ4um1gGI,Irish,17/8/2022,Double Jig,C,Major,2
57,129,Mr.Kenny's Waltz,https://youtu.be/XJDrPeAMk2k,Irish,19/8/2022,Waltz,D,Major,2
57,130,The Humours of Flinn,https://youtu.be/oabZzBx8Aw4,Irish,20/8/2022,Waltz,D,Major,2
58,131,Concertina Reel,https://youtu.be/v0EMMbo9ikw,Irish,22/8/2022,Double Reel,D,Major,2
58,132,Father Kelly's,https://youtu.be/bYrYu4GhbxU,Irish,23/8/2022,Double Reel,G,Major,2
59,133,The Little Diamond,https://youtu.be/7lZskPYo5D0,Irish,24/8/2022,Polka,D,Major,2
59,134,Sweeney's,https://youtu.be/3y-Crq7KH78,Irish,25/8/2022,Polka,A,Major,2
59,135,Maggie in the Wood,https://youtu.be/CFMwdv7QZ9Y,Irish,26/8/2022,Polka,G,Major,2
60,136,Wicklow Hornpipe,https://youtu.be/Q-1BGC0HLsU,Irish,29/8/2022,Hornpipe,D,Mixolydian,2
60,137,Murphy's Hornpipe,https://youtu.be/udfcImESK-s,Irish,31/8/2022,Hornpipe,G,Major,2
61,138,Humours of Glendart,https://youtu.be/xu82JGn2oe4,Irish,1/9/2022,Double Jig,D,Major,2
61,139,Humours of Ennistymon,https://youtu.be/FwQ5au3Mxm8,Irish,2/9/2022,Double Jig,G,Major,3
61,140,Humours of Ballyloughlin,https://youtu.be/o5VP34S6V6E,Irish,3/9/2022,Double Jig,D,Mixolydian,3
62,141,Lady Ann Montgomery,https://youtu.be/wesK2-e_Awg,Irish,5/9/2022,Double Reel,D,Major,2
62,142,Maud Millar,https://youtu.be/Yynd7ndSrW8,Irish,6/9/2022,Single Reel,G,Major,2
62,143,The Flowers of The Red Hill,https://youtu.be/kuWfepGAxQc,Irish,7/9/2022,Single Reel,A,Dorian,2
63,144,Murroe Polka,https://youtu.be/o9zeiXa1pJY,Irish,8/9/2022,Polka,G,Major,2
63,145,Maids of Ardath,https://youtu.be/RCCVHbA8Dw0,Irish,9/9/2022,Polka,D,Major,2
64,146,Maid in the Green,https://youtu.be/AC4gqCZ6gnE,Irish,11/9/2022,Double Jig,G,Major,2
64,147,Dusty Windowsils,https://youtu.be/b_uL5sOZNsM,Irish,13/9/2022,Double Jig,A,Dorian,3
64,148,Haste to the Wedding,https://youtu.be/wW3bCl-J_VE,Irish,15/9/2022,Double Jig,D,Major,2
65,149,Give Me Your Hand,https://youtu.be/lVdUpkL7Ob0,Irish,16/9/2022,Harp Tune,G,Major,
65,150,An Paistin Fionn,https://youtu.be/0WGMOiSStrU,Irish,17/9/2022,Hornpipe,E,Dorian,2
66,151,Merry Blacksmith,https://youtu.be/pIQXhPhzEXE,Irish,19/9/2022,Double Reel,D,Major,2
66,152,Kilmaley (Glen Allen),https://youtu.be/4ZsELBkQTGY,Irish,20/9/2022,Double Reel,G,Major,2
67,153,O'Gallagher's Frolics,https://youtu.be/Bfav5PBwE5g,Irish,21/9/2022,Double Jig,E,minor,2
67,154,Tobin's,https://youtu.be/zRTW1CBifi4,Irish,22/9/2022,Double Jig,D,Major,2
67,155,Old Favourite (Club Ceili),https://youtu.be/aDROLVYJWjI,Irish,24/9/2022,Double Jig,G,Major,2
68,156,Tarbolton,https://youtu.be/O1pM8UjRBK8,Irish,26/9/2022,Double Reel,E,Dorian,2
68,157,Longford Collector,https://youtu.be/5IXUuiUdDfg,Irish,27/9/2022,Double Reel,G,Major,2
68,158,Sailor's Bonnet,https://youtu.be/0Rmro4thtnc,Irish,28/9/2022,Single Reel,D,Major,2
69,159,Home Ruler,https://youtu.be/2zuD5geHP2s,Irish,29/9/2022,Hornpipe,D,Major,2
69,160,Kitty's Wedding,https://youtu.be/Nu2YxdERAn0,Irish,30/9/2022,Hornpipe,D,Major,2
70,161,Anderson's,https://youtu.be/jcq7oCIv-8M,Irish,3/10/2022,Single Reel,D,Major,2
70,162,Drunken Landlady,https://youtu.be/9ok0useDorU,Irish,4/10/2022,Single Reel,E,Dorian,2
70,163,Miss McLeod's,https://youtu.be/x4mVlUkecPc,Irish,5/10/2022,Single Reel,G,Major,2
71,164,Hill Of Tara,https://youtu.be/Mn42-YRE5XA,Irish,6/10/2022,Barndance,G,Major,2
71,165,If there weren't any Women,https://youtu.be/hIEs6j3yeu0,Irish,7/10/2022,Barndance,G,Major,2
72,166,The Returned Yank,https://youtu.be/vVKGANhX51I,Irish,10/10/2022,Double Jig,D,Major,2
72,167,The Haunted House,https://youtu.be/dsVDyXJ-Mbo,Irish,11/10/2022,Double Jig,G,Major,2
72,168,The Leitrim Fancy,https://youtu.be/McbMbUWG1TA,Irish,12/10/2022,Double Jig,E,Dorian,2
73,169,The Plains of Boyle,https://youtu.be/ri2ROeSzrwg,Irish,13/10/2022,Hornpipe,D,Major,2
73,170,Cronin's Hornpipe,https://youtu.be/n196dONLjW8,Irish,14/10/2022,Hornpipe,G,Major,2
74,171,Miss Monaghan,https://youtu.be/JJepWI2MAhI,Irish,26/10/2022,Double Reel,D,Major,2
74,172,Green Fields of Rosbeigh,https://youtu.be/BFu43A3PTQk,Irish,27/10/2022,Double Reel,E,Dorian,2
74,173,Sheehan's,https://youtu.be/otfXwepbR4Q,Irish,28/10/2022,Double Reel,G,Major,2
75,174,Dever the Dancer,https://youtu.be/ecMuQy3uV4s,Irish,29/10/2022,Slip Jig,E,Dorian,2
75,175,Blast of Wind,https://youtu.be/jTaMmz7YcU8,Irish,30/10/2022,Slip Jig,D,Major,2
76,176,Wandering Minstrel,https://youtu.be/WO-jrq323MM,Irish,31/10/2022,Double Jig,D,Major,3
76,177,Ship in Full Sail,https://youtu.be/HCQSzTPJQVc,Irish,1/11/2022,Double Jig,G,Major,3
77,178,Scartaglen,https://youtu.be/F2X9Qj04zkM,Irish,2/11/2022,Polka,G,Major,3
77,179,The Maids of Ardagh,https://youtu.be/2pVJTTdsDls,Irish,3/11/2022,Polka,D,Major,2
77,180,Cuil Aodha,https://youtu.be/CsEjLCeWDTc,Irish,4/11/2022,Polka,A,Major,2
78,181,Jackie Coleman's,https://youtu.be/cb3jXc0G13M,Irish,19/11/2022,Double Reel,D,Major,2
78,182,A Cup of Tea,https://youtu.be/iy3EXUv5w-Q,Irish,8/11/2022,Double Reel,E,Dorian,3
78,183,Red Haired Lass,https://youtu.be/O6on5SbRvW4,Irish,9/11/2022,Double Reel,G,Major,2
79,184,My Darling Asleep,https://youtu.be/KqyjIMndSzw,Irish,20/11/2022,Double Jig,D,Major,2
79,185,Trip to Athlone,https://youtu.be/zlsKrhwjeOw,Irish,21/11/2022,Double Jig,D,Major,2
80,186,Salamanca,https://youtu.be/72ulTAppIGg,Irish,15/11/2022,Double Reel,D,Major,2
80,187,London Lasses,https://youtu.be/FrRNhjvz3qM,Irish,16/11/2022,Double Reel,G,Major,2
81,188,The Frost is All Over,https://youtu.be/VxArcRYNNqo,Irish,24/11/2022,Double Jig,D,Dorian,2
81,189,Langstrom's Pony,https://youtu.be/_VZ0zp1CLZA,Irish,26/11/2022,Double Jig,A,Mixolydian,2
,190,The Trip We Took Over the Mountain,https://youtu.be/r1Mdwvaj6v0,Irish,5/12/2022,Waltz,G,Major,2
82,191,Skylark,https://youtu.be/lAsYz0WhzQI,Irish,6/12/2022,Double Reel,D,Major,2
82,192,Roaring Mary,https://youtu.be/AGNlN7InWEg,Irish,7/12/2022,Double Reel,D,Major,2
83,193,The Morning Lark,https://youtu.be/ncIQxAIGhl8,Irish,8/12/2022,Double Jig,D,Major,2
83,194,Joe Cooley's Jig,https://youtu.be/_VTML-zXeLY,Irish,9/12/2022,Double Jig,D,Major,2
83,195,Eavesdropper,https://youtu.be/VDI9S6nV4Js,Irish,10/12/2022,Double Jig,G,Major,2
84,196,The Scholar,https://youtu.be/fR-Ae8Bbngg,Irish,13/12/2022,Double Reel,D,Major,2
84,197,The Teetotaller,https://youtu.be/RiY5uEO2Evo,Irish,14/12/2022,Double Reel,G,Major,2
84,198,The Monaghan Twig,https://youtu.be/6LkvK9uRiBw,Irish,14/8/2023,Single Reel,A,Mixolydian,2
85,199,Queen of the Fair,https://youtu.be/cWAXwjKa3Sw,Irish,2022/12/,Double Jig,D,Mixolydian,
85,200,Rambling Pitchfolk,https://youtu.be/4BU496Y6OZk,Irish,22/12/2022,Double Jig,D,Major,
86,201,The Moving Cloud ,https://youtu.be/GoevLwodZws,Irish,10/1/2023,Double Reel,G,Major,3
86,202,The Bucks of Oranmore,https://youtu.be/t7LhBOINrtQ,Irish,16/1/2023,Double Reel,D,Major,2
87,203,The Cavan Brigade,https://youtu.be/RY_FJ3Z7jyg,Irish,17/1/2023,Double Jig,D,Mixolydian,2
87,204,When the Cock Crows It Is Day,https://youtu.be/aJ-1vbIVERc,Irish,18/1/2023,Double Jig,G,Major,2
87,205,Sixpenny Money,https://youtu.be/RD5SzH7VLaw,Irish,20/1/2023,Double Jig,D,Major,2
88,206,The Galway Hornpipe,https://youtu.be/-mp1bkZo0KU,Irish,24/1/2023,Hornpipe,D,Major,2
88,207,The Golden Eagle,https://youtu.be/5N_aUiBAiJ8,Irish,25/1/2023,Hornpipe,G,Major,2
89,208,Morning Star,https://youtu.be/VZ-pFGjRboU,Irish,27/1/2023,Single Reel,G,Major,2
89,209,Abbey Reel,https://youtu.be/s5s8y-367y8,Irish,27/1/2023,Single Reel,A,Dorian,2
89,210,Mountain Road,https://youtu.be/n8IhKC_gG80,Irish,28/1/2023,Single Reel,D,Major,2
90,211,Tommy Mulhaire's,https://youtu.be/zrYp3-vi7Eo,Irish,30/1/2023,Double Jig,G,Major,2
90,212,Winnie Haye's,https://youtu.be/nJEx3qS_fVk,Irish,31/1/2023,Double Jig,A,Dorian,2
90,213,Tell Her I am,https://youtu.be/VUkGaHM_rpA,Irish,1/2/2023,Double Jig,G,Dorian,3
91,214,Up and Away,https://youtu.be/2OijbTms7Kg,Irish,2/2/2023,Polka,G,Major,2
91,215,The Merry Girl,https://youtu.be/a9piSmyogC8,Irish,3/2/2023,Polka,G,Major,2
92,216,The Lark on the Strand,https://youtu.be/08i5nI9JnQI,Irish,8/2/2023,Double Jig,G,Major,2
92,217,Hag with the Money,https://youtu.be/UHieWllvUbE,Irish,9/2/2023,Double Jig,D,Major,2
92,218,The Hag at the Churn,https://youtu.be/EAsjYueOKlA,Irish,10/2/2023,Double Jig,D,Mixolydian,2
93,219,Caislean an Oir (Golden Castle),https://youtu.be/gGNBoYHvVEo,Irish,11/2/2023,Hornpipe,A,Dorian,2
93,220,Her Lovely Hair was Flowing Down Her Back,https://youtu.be/HMgh8anLt8M,Irish,13/2/2023,Hornpipe,D,Major,2
94,221,The Sword in the Hand,https://youtu.be/kNTZRHl780I,Irish,14/2/2023,Single Reel,E,Dorian,2
94,222,Mulqueen's ,https://youtu.be/ZkL672oZzxM,Irish,15/2/2023,Single Reel,D,Major,2
94,223,The Limestone Rock,https://youtu.be/PD-fzLJwFHA,Irish,16/2/2023,Single Reel,G,Major,2
95,224,Fisherman's,https://youtu.be/Ph-sjU_-w-s,Irish,19/2/2023,Slip Jig,D,Major,2
95,225,The Snowy Path,https://youtu.be/rAKjC5MrQss,Irish,19/2/2023,Slip Jig,D,Major,2
96,226,The Dublin Reel,https://youtu.be/Fzpc9Ou_lyM,Irish,22/2/2023,Single Reel,D,Major,3
96,227,The Boys of Ballisodare Reel,https://youtu.be/wnqEwKgK8OM,Irish,23/2/2023,Single Reel,G,Major,3
97,228,Kilmovee,https://youtu.be/jxXKY-STGEY,Irish,25/2/2023,Double Jig,G,Major,2
97,229,The Maid at the Well,https://youtu.be/bUlugU_5xiQ,Irish,27/2/2023,Double Jig,A,Major,2
97,230,Pull the Knife and Stuck It Again,https://youtu.be/dcgrKT-g5pM,Irish, ,Double Jig,E,Dorian,2
98,231,Merrily Kiss the Quaker's Wife,https://youtu.be/cvdRen_eKcE,Irish,2/3/2023,Slide,G,Major,2
98,232,Micho Russell's,https://youtu.be/t8zHnL-WHRY,Irish,3/3/2023,Slide,D,Major,2
98,233,Eileen Ni Riordain's,https://youtu.be/zmKX9AvWJN8,Irish,4/3/2023,Slide,A,Mixolydian,2
99,234,Killarney Boys Of Pleasure,https://youtu.be/0Z0kYFxz29Q,Irish,6/3/2023,Double Reel,E,Dorian,2
99,235,Donald Blue,https://youtu.be/xxDmjIKfB7k,Irish,7/3/2023,Single Reel,D,Major,2
99,236,Pigtown,https://youtu.be/8bkSKe6JU6E,Irish,8/3/2023,Fling,G,Major,2
100,237,The Cock and the Hen,https://youtu.be/SuqWzC-DN_M,Irish,10/3/2023,Slip Jig,F#,minor,2
100,238,Foxhunter's Slip Jig,https://youtu.be/7hud_s-uoCk,Irish,11/3/2023,Slip Jig,D,Major,4
100,239,The Swaggering Jig,https://youtu.be/JXNg3ohNB9A,Irish,14/3/2023,Slip Jig,G,Major,2
,240,O'Caloran's Welcome,https://youtu.be/EqU6flcb7NA,Irish,15/3/2023,O'Carolan,A,minor,2
101,241,Boys of the Lough,https://youtu.be/DYE3C2q56xM,Irish,16/3/2023,Double Reel,D,Major,2
101,242,Music in the Glen,https://youtu.be/gOW4cUch124,Irish,17/3/2023,Double Reel,G,Major,2
,243,The Battle of Auhgrim,https://youtu.be/8WK9TImeVuw,Irish,20/3/2023,March,A,Dorian,2
138,244,Rodney's Glory,https://www.youtube.com/watch?v=_oaRebdBKag,Irish,21/3/2023,Set Dance,A,Dorian,2
102,245,Memories of Ballymote,https://youtu.be/WYKJPWWyX68,Irish,22/3/2023,Polka,G,Major,2
102,246,Gurteen Cross,https://youtu.be/6_S0JlZCv9Y,Irish,23/3/2023,Polka,G,Major,2
103,247,Jimmy Duffy's no.1,https://youtu.be/SDBElTyu4pc,Irish,24/3/2023,Barndance,G,Major,2
103,248,Jimmy Duffy's no.2,https://youtu.be/k-WQRle8244,Irish,25/3/2023,Barndance,G,Major,2
138,249,The Job of Journey Work,https://youtu.be/ILpH9UOo3fQ,Irish,26/3/2023,Set Dance,D,Major,2
,250,O'Caloran's Farewell,https://youtu.be/-JCJG3CWK4g,Irish,27/3/2023,O'Carolan,A,Dorian,2
104,251,Sailor on the Rock,https://youtu.be/NqeEbMhDK2E,Irish,28/3/2023,Double Reel,D,Major,2
104,252,Fox in the Town,https://youtu.be/i8A2fYaVYG4,Irish,29/3/2023,Double Reel,G,Major,2
104,253,Otter's Holt,https://youtu.be/WIh1aMDbZHQ,Irish,30/3/2023,Double Reel,B,minor,2
105,254,Behind the Haystack,https://youtu.be/nDXGG5TUAzk,Irish,1/4/2023,Double Jig,D,Major,2
105,255,Munster Buttermilk,https://youtu.be/oeamFFpIzP4?si=8gZGexyb2Bg2aLk6,Irish,2/4/2023,Double Jig,G,Major,2
106,256,John Brennan's,https://youtu.be/RP7y7BspBc4,Irish,3/4/2023,Double Reel,D,Major,2
106,257,Laurel Tree,https://youtu.be/GrOpynxYZhQ,Irish,5/4/2023,Double Reel,A,Dorian,2
106,258,The Hare's Paw,https://youtu.be/QRSKQ8s5zhU,Irish,6/4/2023,Single Jig,G,Major,2
107,259,John Doherty's Mazurka,https://youtu.be/OYhG8LG6HPQ,Irish,7/4/2023,Mazurka,D,Major,2
107,260,Vincent Campbell's Mazurka #2,https://youtu.be/pkOgau5FDDU,Irish,8/4/2023,Mazurka,G,Major,2
108,261,The Priest  ,https://youtu.be/kOeVSNYPY60,Irish,10/4/2023,Slide,G,Major,2
108,262,The Cat That Rambles To The Child's Saucepan,https://youtu.be/ruTSmfTh24E,Irish,11/4/2023,Slide,D,Major,2
108,263,Padraig O'Keeffe's,https://youtu.be/HCsdLbq_JM4,Irish,12/4/2023,Slide,B,minor,2
109,264,The Galway Rambler,https://youtu.be/HNr_Lk4VeEo,Irish,14/4/2023,Single Reel,G,Major,2
109,265,Eddie Moloney's Favourite,https://youtu.be/v4JjzMwh2Dg,Irish,15/4/2023,Single Reel,E,Dorian,2
109,266,The Ivy Leaf,https://youtu.be/d1s4bgDenAo,Irish,16/4/2023,Single Reel,A,Mixolydian,2
110,267,The Liverpool Hornpipe,https://www.youtube.com/watch?v=L1YAzZfPmEs,Irish,17/4/2023,Hornpipe,D,Major,2
110,268,The Derry Hornpipe,https://youtu.be/cleZXnOugDY,Irish,18/4/2023,Hornpipe,D,Major,2
111,269,Apples in Winter,https://youtu.be/oHC2aFOff_s,Irish,19/4/2023,Double Jig,D,Major,2
111,270,Gillian's Apples,https://youtu.be/gJ8daTDt4Iw,Irish,20/4/2023,Double Jig,G,Major,2
112,271,Martin Wynne's No.3,https://youtu.be/Du8boWqTedQ,Irish,25/4/2023,Double Reel,G,Major,2
112,272,Martin Wynne's No.2,https://youtu.be/5hJOqbTa9xo,Irish,26/4/2023,Double Reel,B,minor,2
112,273,Martin Wynne's No.1,https://youtu.be/Zm0Ah1nX3-I,Irish,27/4/2023,Double Reel,D,Major,2
113,274,The Monaghan Jig,https://youtu.be/hLzVUgLCaOg,Irish,28/4/2023,Double Jig,E,Dorian,4
113,275,Nora Criona,https://youtu.be/tkMHcEgzvGM,Irish,29/4/2023,Double Jig,G,Major,2
,276,Sheebeg Sheemore,https://youtu.be/VC-M-RjBIK8,Irish,2/5/2023,O'Carolan,D,Major,2
114,277,Poll Ha'Penny,https://youtu.be/-H7hfqN-xgs,Irish,3/5/2023,Hornpipe,D,Mixolydian,2
114,278,Miss Galvin's,https://youtu.be/ak4kwCW4uWk,Irish,4/5/2023,Hornpipe,D,Major,2
115,279,The Tulla Polka,https://youtu.be/cbsVGiUSt0U,Irish,5/5/2023,Polka,G,Major,2
115,280,The Siege of Ennis,https://youtu.be/JKChGLD1iEo,Irish,6/5/2023,Polka,D,Major,2
116,281,Old Man Dillon,https://youtu.be/XdjVU8SUfA0,Irish,8/5/2023,Double Jig,A,Dorian,2
116,282,The Battering Ram,https://youtu.be/SU2uxfnxAHw,Irish,9/5/2023,Double Jig,G,Major,3
117,283,Roscommon,https://youtu.be/TIAJVrWkLTs,Irish,10/5/2023,Single Reel,E,minor,3
117,284,Ah Surely,https://youtu.be/0nrUd_IWBsI,Irish,11/5/2023,Double Reel,A,Dorian,2
117,285,Five Mile Chase,https://youtu.be/VL_DJMUMhDM,Irish,12/5/2023,Single Reel,G,Major,2
118,286,The New Broom ,https://youtu.be/KwD6Sc9f-wM,Irish,15/5/2023,Barndance,G,Major,2
118,287,Tara Diamond's Barndance,https://youtu.be/2PAFpfhTPco,Irish,16/5/2023,Barndance,G,Major,2
119,288,Cúigiú Lassies,https://youtu.be/6838xU3VYGU,Irish,17/5/2023,Double Jig,G,Major,2
119,289,Billy McCormac's Jig,https://youtu.be/qVIhxKWeB2Y,Irish,18/5/2023,Double Jig,A,Dorian,2
119,290,The Black Rogue,https://youtu.be/Dcg4qNzs13Q,Irish,19/5/2023,Double Jig,D,Major,2
120,291,The Dunmore Lassies,https://youtu.be/BWdCiYJd0TE,Irish,23/5/2023,Double Reel,E,minor,2
120,292,My Love is in America,https://youtu.be/LzG1Y1fZZ6A,Irish,24/5/2023,Double Reel,D,Major,2
120,293,The Girl That Broke My Heart,https://youtu.be/rmyRU7CWAZU,Irish,25/5/2023,Double Reel,A,Mixolydian,2
121,294,The Humours of Lisheen,https://youtu.be/SqPNtmfToNQ,Irish,26/5/2023,Single Jig,G,Major,2
121,295,The Bluebells Are Blooming,https://youtu.be/-Wyd0Efa0a4,Irish,27/5/2023,Single Jig,G,Major,3
122,296,The Soldier's Joy,https://youtu.be/YkzihmlD7wg,Irish,28/5/2023,Hornpipe,D,Major,2
122,297,The Red Haired Boy,https://youtu.be/7ZHhg89JVmM,Irish,29/5/2023,Hornpipe,A,Mixolydian,2
123,298,O'Connor's Polka,https://youtu.be/nIT0jClR2t0,Irish,2/6/2023,Polka,G,Major,2
123,299,The Top of Maol,https://youtu.be/9LR0gPtJidY,Irish,3/6/2023,Polka,A,Dorian,2
123,300,Taur Polka,https://youtu.be/il7xoijjg0s,Irish,4/6/2023,Polka,D,Mixolydian,2
,301,Inisheer,https://youtu.be/nV5B8f9PRVE,Irish,18/7/2023,Song Air,G,Major,2
,302,Down by the Salley Gardens,https://youtu.be/tDIGxUZtv28,Irish,19/7/2023,Song Air,D,Major,2
,303,The Last Rose of Summer,https://youtu.be/kouSYz-hnHk,Irish,20/7/2023,Song Air,G,Major,2
,304,Da Slockit Light,https://youtu.be/_-q3kjwRUNA,Scottish,21/7/2023,Song Air,D,Major,2
,305,Foggy Dew,https://youtu.be/e7OKPOZjg28,Irish,22/7/2023,Song Air,E,minor,2
,306,Danny Boy,https://youtu.be/f2kFr8eiFNg,Irish,23/7/2023,Song Air,G,Major,2
,307,Geaftaí Baile Bhuí,https://youtu.be/GF7pwVzBo2Y,Irish,24/7/2023,Song Air,G,Major,2
,308,The Level Plain,https://youtu.be/7rI45vdlTgA,Irish,25/7/2023,Song Air,G,Major,2
,309,Bruach na Carraige Baine,https://youtu.be/0LBYLJSdyuo,Irish,26/7/2023,Song Air,D,Major,2
,310,O'Carolan's Draught,https://youtu.be/ERBhiuXhyDg,Irish,27/7/2023,O'Carolan,G,Major,2
124,311,Brendan Tonra's,https://youtu.be/Rsc7yFAdZFA,Irish,15/11/2023,Double Jig,D,Major,2
124,312,Banks of Lough Gowna,https://youtu.be/hdOoapPv-GY,Irish,16/11/2023,Double Jig,B,minor,2
124,313,Tom Busby's,https://youtu.be/GMKkGb3L7vI,Irish,17/11/2023,Double Jig,E,minor,2
125,314,Swinging on the Gate,https://youtu.be/feinKqajQLk,Irish,19/11/2023,Double Reel,G,Major,2
125,315,Cameronian,https://youtu.be/vh_Y2STrmH8,Irish,24/11/2023,Double Reel,D,Major,2
125,316,Down the Broom,https://youtu.be/crLw9M3yLHo,Irish,26/11/2023,Double Reel,A,minor,2
126,317,Garret Barry's Jig,https://youtu.be/fAIkS-5J5oI,Irish,9/12/2023,Double Jig,D,Mixolydian,2
126,318,Tatter Jack Walsh,https://youtu.be/97peoa8sopg,Irish,10/12/2023,Double Jig,D,Major,2
127,319,McGivney's Hornpipe ,https://youtu.be/20WnuTIDfrY,Irish,13/12/2023,Hornpipe,E,minor,2
127,320,From Galway to Dublin,https://youtu.be/018bIgiaGhg,Irish,14/12/2023,Hornpipe,E,minor,2
128,321,Terry Teehan's Polka,https://youtu.be/vv8EyKLUE_U,Irish,17/12/2023,Polka,G,Major,2
128,322,John Egan's Polka,https://youtu.be/AsRWRMSI7Gg,Irish,18/12/2023,Polka,D,Major,2
128,323,John Walsh's Polka,https://youtu.be/gO3rwKwfXDo,Irish,19/12/2023,Polka,G,Major,2
129,324,Dumphy's Hornpipe,https://youtu.be/QTXZB3aS08I,Irish,21/12/2023,Hornpipe,G,Major,2
129,325,The Tailor's Twist,https://youtu.be/V6PL9pp3wz0,Irish,22/12/2023,Hornpipe,D,Major,2
130,326,The Tar road to Sligo,https://youtu.be/SY1PYTB_VQc,Irish,10/1/2024,Double Jig,B,minor,2
130,327,Paddy Clancy's,https://youtu.be/bjdmrWKoR5M,Irish,10/1/2024,Double Jig,D,Major,2
131,328,The Road to Rio,https://youtu.be/ZSBfegfAQKA,Irish,12/1/2024,Double Reel,G,Major,2
131,329,The Fermoy lasses,https://youtu.be/DdaEmFAttic,Irish,13/1/2024,Double Reel,E,minor,2
131,330,The Shaskeen,https://youtu.be/PMK3LK67IdU,Irish,3/1/1900,Double Reel,G,Major,2
132,331,John Micky's Slide,https://youtu.be/1iItjl-bA5U,Irish,16/1/2024,Slide,D,Major,2
132,332,Worn Torn Petticoat,https://youtu.be/CWKPKb-NE2c,Irish,17/1/2024,Slide,A,Dorian,2
132,333,Dingle Regatta,https://youtu.be/LeoHi5qgzjM,Irish,18/1/2024,Slide,G,Major,3
133,334,John Brosnan's Polka,https://youtu.be/ZfTDxfHZX1Y,Irish,20/1/2024,Polka,G,Major,3
133,335,Toureendarby,https://youtu.be/VbkReQfq4kU,Irish,21/1/2024,Polka,A,Dorian,2
133,336,Pádraig O'Keeffe's,https://youtu.be/KVF82wde_z4?si=_wDqxihF3bfLEan5,Irish,22/1/2024,Polka,A,Major,2
134,337,Templehouse,https://youtu.be/BohnngGPaxU,Irish,23/1/2024,Single Reel,E,minor,2
134,338,The Daily Maid,https://youtu.be/J2Y0y-Q1K6c,Irish,24/1/2024,Single Reel,D,Major,2
134,339,The Crooked Road to Dublin,https://youtu.be/m_43vdBGrMw,Irish,25/1/2024,Single Reel,G,Major,2
,340,Ar Éirinn ní Neosfainn Cé Hí,https://youtu.be/9U_O3Be4kl4,Irish,5/2/2024,Slow Air,G,Major,2
135,341,Blackthorn Stick,https://youtu.be/mjLOc3J1_3Y,Irish,6/2/2024,Double Jig,G,Major,2
135,342,Condons Frolics,https://youtu.be/3UAW4HMLCOw,Irish,7/2/2024,Double Jig,E,Dorian,2
135,343,Scotsman over the Border,https://youtu.be/S9ihN9nB0qc,Irish,8/2/2024,Double Jig,D,Major,2
136,334,Drops of Brandy,https://youtu.be/a_7lwlmx-rY,Irish,12/2/2024,Slip Jig,D,Major,2
136,335,Elizabeth Kelly's,https://youtu.be/zQYkmt0jHy4,Irish,13/2/2024,Slip Jig,D,Mixolydian,2
137,346,The Maids of Selma,https://youtu.be/SK3pt9GsbW0,Irish,17/2/2024,Double Jig,E,minor,2
137,347,Up in the Air,https://youtu.be/yfS2Uepzm8c,Irish,18/2/2024,Double Jig,B,minor,2
137,348,The Mouse in the Kitchen ,https://youtu.be/_jHi6vyopn0,Irish,20/2/2024,Double Jig,A,Major,2
139,349,The Keel Row,https://youtu.be/5TZZm9AxJdU,Irish,22/2/2024,Fling,G,Major,2
139,350,Johnny will you marry me,https://youtu.be/c9BJD8pu3BU,Irish,23/2/2024,Fling,G,Major,2
140,351,The Killavil Reel,https://youtu.be/QNHqsTd7JOQ,Irish,25/2/2024,Double Reel,D,Major,2
140,352,Sweeney's Buttermilk Mary,https://youtu.be/Sd8qs4FBJNM,Irish,26/2/2024,Double Reel,B,minor,2
140,353,Reconciliation,https://youtu.be/_KiEhHvbivs,Irish,27/2/2024,Double Reel,A,Major,2
141,354,Jim Keeffe's,https://youtu.be/jyy3HbXJtAU,Irish,1/3/2024,Polka,D,Major,2
141,355,The Newmarket,https://youtu.be/W-xxrDZ-bW8,Irish,2/3/2024,Polka,A,Major,2
142,356,The Swallowtail Jig,https://youtu.be/pvLvX5qmXXY,Irish,5/3/2024,Double Jig,E,minor,2
142,357,Paddy O'Rafferty's,https://youtu.be/JuiuVHcUVoE,Irish,5/3/2024,Double Jig,D,Major,3
143,358,Connemara Stockings,https://youtu.be/1tMn2qmzEuM,Irish,11/3/2024,Single Reel,D,Major,3
143,359,Westmeath Hunt,https://youtu.be/Q3to5exZ5dU,Irish,12/3/2024,Single Reel,D,Major,4
143,360,The Clogher,https://youtu.be/lTB3V437G4I,Irish,13/3/2024,Single Reel,D,Major,3
144,361,The Butlers of Glen Avenue,https://youtu.be/LzrYdFtF2zE,Irish,15/3/2024,Double Jig,G,Major,2
144,362,Christy Barry's No.2,https://youtu.be/zWOGZyVGrrc,Irish,16/3/2024,Double Jig,G,Major,2
144,363,The Stolen Purse,https://youtu.be/k0tRU_HmU-Y,Irish,18/3/2024,Double Jig,A,Major,2
145,364,The Tipperary Hills,https://youtu.be/zyKyhu9v5ZM,Irish,20/3/2024,Hop Jig,D,Major,2
145,365,Cucanandy,https://youtu.be/7NKz7tvtgdo?si=lpig3xxWhGHkvCTB,Irish,21/3/2024,Hop Jig,G,Major,2
145,366,The Dusty Miller,https://youtu.be/010kyYsj8mk,Irish,22/3/2024,Hop Jig,D,Major,2
,367,The Munster Cloak,https://youtu.be/_yBVPcNAfPI,Irish,26/3/2024,Waltz,G,Major,2
146,368,The Blackberry Blossom,https://youtu.be/GFn3cyw9rxs,Irish,27/3/2024,Single Reel,G,Major,2
146,369,The Silver Spire,https://youtu.be/ihOg1K-rwoE,Irish,28/3/2024,Double Reel,D,Major,2
146,370,The Broken Pridge,https://youtu.be/ugjgbR168U4,Irish,29/3/2024,Double Reel,D,Dorian,2
147,371,The Wonder Hornpipe,https://youtu.be/vpVTtyDZtJw,Irish,1/4/2023,Hornpipe,G,Major,2
147,372,The Acrobat Hornpipe,https://youtu.be/nWTaq_lH460,Irish,4/1/2024,Hornpipe,D,Major,2
148,373,The Sporting Pitchfork,https://youtu.be/kJyxzId36bQ,Irish,3/4/2024,Double Jig,D,Major,2
148,374,The Maid at the Spinning Wheel,https://youtu.be/FAvBKkssORY,Irish,4/4/2024,Double Jig,G,Major,4
148,375,The Gallowglass,https://youtu.be/4Llni9alVbY,Irish,5/4/2024,Double Jig,A,minor,2
149,376,The Cockoo,https://youtu.be/ZDPyMUlERcw,Irish,12/4/2024,Hornpipe,G,Major,2
149,377,The Blackbird Hornpipe,https://youtu.be/mJ7SLNm7rpc,Irish,16/4/2024,Hornpipe,G,Major,3
150,378,The Boys of the Town,https://youtu.be/yGZPJFKjRc8,Irish,18/4/2024,Double Jig,G,Major,2
150,379,Jackson's Jig,https://youtu.be/9yBnirgR6mI,Irish,19/4/2024,Double Jig,G,Major,2
150,380,The leg of the duck,https://youtu.be/UikEm63P5lc,Irish,20/4/2024,Double Jig,D,Major,2
151,381,The Bag of Spuds,https://youtu.be/-DlT7YAudmk,Irish,22/4/2024,Double Reel,A,minor,2
151,382,Around the World for Sport,https://youtu.be/FSxEaVd_gWs,Irish,23/4/2024,Single Reel,E,minor,2
151,383,Peeler's Jacket,https://youtu.be/KnWLezAgCKE,Irish,24/4/2024,Double Reel,G,Major,2
,384,She Moved through the Fair,https://youtu.be/ucO9S_Ycwyo,Irish,26/4/2024,Song Air,D,Mixolydian,
,385,An Mhaighdean Mhara,https://youtu.be/vR0IKRV0cwY,Irish,27/4/2024,Slow Air,D,Major,
152,386,Sean Bui,https://youtu.be/R6j7dgViok0,Irish,2024/429,Double Jig,D,Major,2
152,387,"Old Hag, You Have Killed Me",https://youtu.be/DTWeLPQIvjs,Irish,30/4/2024,Double Jig,D,Mixolydian,2
152,388,Dinny Delaney's,https://youtu.be/tvOXOOqLLXE,Irish,1/5/2024,Double Jig,D,Mixolydian,2
153,389,The Pride Of Petravore ,https://youtu.be/5DXyGBw_QM4?si=_JbFEyuxRIrvbWTI,Irish,3/5/2024,Hornpipe,E,minor,2
153,390,The Galway Bay Hornpipe,https://youtu.be/JKb3wowMNKs,Irish,4/5/2024,Hornpipe,A,minor,2
,391,Limerick's Lamentation,https://youtu.be/kbP0KYB6jXk,Irish,10/5/2024,Song Air,G,Major,
,392,The Parting of Friends,https://youtu.be/hHbVCObUXO8,Irish,15/5/2024,Song Air,E,minor,
,393,Travelling through Blarney,https://youtu.be/yorDGPksBAQ,Irish,16/5/2024,Song Air,G,Major,
,394,Port Na bPúcai,https://youtu.be/SmpcMXrsue4,Irish,21/5/2024,Song Air,D,Mixolydian,
,395,The Wild Geese,https://youtu.be/y8GXT09uBz0,Irish,24/5/2024,Song Air,G,Major,
,396,Amhrán na Leabhar,https://youtu.be/OAce8DBTwDI,Irish,26/5/2024,Song Air,E,Dorian,
,397,A Stór mo Chroí,https://youtu.be/zpI-z9n10vU,Irish,29/5/2024,Song Air,A,minor,
,398,Easter Snow,https://youtu.be/6MlUKdJHlGE,Irish,1/6/2024,Song Air,G,Major,
,399,Bridget Cruise Second Air Air (O'Carolan's),https://youtu.be/jYYRP3l9aDk,Irish,4/6/2024,Song Air,D,Mixolydian,
,400,Paddy's Rambles Through The Park,https://youtu.be/z3z2mKpulUU,Irish,5/6/2024,Song Air,A,Mixolydian,
154,401,Seán Sa Cheo,https://youtu.be/narf4n7-6Nc,Irish,7/6/2024,Double Reel,A,Mixolydian,
154,402,The Boys in the Gap,https://youtu.be/UjP9yPuEysU,Irish,12/6/2024,Double Reel,D,Major,3
155,403,The Green field of Woodford,https://youtu.be/noVif7eVb5Q,Irish,21/6/2024,Double Jig,G,Major,3
155,404,Eddy Kelly's,https://youtu.be/T6pDmqENzks,Irish,23/6/2024,Double Jig,E,minor,2
155,405,Sonny Brogan's,https://youtu.be/m8dsMV5jbac,Irish,24/6/2024,Double Jig,A,Dorian,2
156,406,The New Century,https://youtu.be/hvTpO-ODvOE,Irish,26/6/2024,Hornpipe,G,Mixolydian,2
156,407,The Humours Of Ballyconnell,https://youtu.be/Az7-H-Hcyao,Irish,27/6/2024,Hornpipe,A,Mixolydian,2
156,408,The Byrne's Hornpipe,https://youtu.be/VtodcNhlNPc,Irish,28/6/2024,Hornpipe,D,Major,2
157,409,Tripping to the Well,https://youtu.be/HEJ0NC1glts,Irish,2/7/2024,Polka,G,Major,2
157,410,The Kiss Behind the Door,https://youtu.be/MOxQRBe9SyQ,Irish,3/7/2024,Polka,G,Major,2
158,411,The Chicago Reel ,https://youtu.be/QNX_WFbWC08,Irish,8/7/2024,Double Reel,A,minor,2
158,412,The Cottage in the Grove,https://youtu.be/J_unHehAflM,Irish,9/7/2024,Double Reel,A,Dorian,2
158,413,The Ladies Pantalettes,https://youtu.be/r5ke5HUXAsY,Irish,10/7/2024,Single Reel,G,Major,2
159,414,The Shandon Bells,https://youtu.be/EBsjfvrZr1c,Irish,15/7/2024,Double Jig,D,Major,2
159,415,The Legacy,https://youtu.be/hZVyyFfPnEA,Irish,16/7/2024,Double Jig,G,Major,2
160,416,The Road to Lisdoonvarna,https://youtu.be/ngkv4KXWFf4,Irish,18/7/2024,Single Reel,D,Mixolydian,2
160,417,Molly Bán,https://youtu.be/JGC7DdwaZEE,Irish,22/7/2024,Single Reel,E,minor,2
160,418,The Old Wheel of the World,https://youtu.be/FykkAbOGVu4,Irish,22/7/2024,Single Reel,A,Dorian,2
160,419,The Humours Of Loughrea,https://youtu.be/uYutlgYB7Vs,Irish,23/7/2024,Single Reel,G,Major,2
160,420,The Blackhaired Lass,https://youtu.be/QPn5MdheuAc,Irish,25/7/2024,Single Reel,A,Mixolydian,2
161,421,Barney Brannigan,https://youtu.be/Nj9VqYrIca0,Irish,28/7/2024,Slip Jig,D,Major,3
161,422,Ride A Mile,https://youtu.be/nxuZqrVSrg0,Irish,29/7/2024,Slip Jig,G,Major,3
162,423,Speed the Plough,https://youtu.be/kvBgtkfRFYk,Irish,1/8/2024,Double Reel,D,Major,2
162,424,Good Morning to Your Nightcap,https://youtu.be/QiNaEZQ7yy4,Irish,3/8/2024,Double Reel,A,minor,2
162,425,The Boy in the Boat,https://youtu.be/ry06Ci_r7yY,Irish,2/8/2024,Double Reel,G,Major,2
163,426,The First House in Connaught,https://youtu.be/U6cXiO0fDXM,Irish,7/8/2024,Double Reel,G,Major,2
163,427,The Swallotail Reel,https://youtu.be/XB-zMuDEyIY,Irish,10/8/2024,Double Reel,A,Dorian,2
163,428,The Stoney Steps,https://youtu.be/ECkIxXRYYLA,Irish,11/8/2024,Single Reel,D,Major,2
164,429,James Gannon's Barndance,https://youtu.be/eClc-RlWhb8,Irish,15/8/2024,Barndance,G,Major,2
164,430,McDermott's Barndance,https://youtu.be/7wnNLdnwAW0,Irish,16/8/2024,Barndance,G,Major,2
165,431,Tommy Peoples',https://youtu.be/fzwD9D3ox38,Irish,17/8/2024,Single Reel,G,Major,2
165,432,Tommy Peoples',https://youtu.be/VG0HSZ4l1j4,Irish,19/8/2024,Single Reel,B,minor,2
165,433,Black Pat's,https://youtu.be/R7HOqpFlt4I,Irish,20/8/2024,Double Reel,G,Major,4
166,434,The Lilting Fisherman,https://youtu.be/YO5jhkXIuBE,Irish,23/8/2024,Double Jig,G,Major,2
166,435,Old Joe,https://youtu.be/iS28-cqdIPo,Irish,24/8/2024,Double Jig,D,Major,2
166,436,Sean Tiobraid Arann,https://youtu.be/SwcFZ7lQg8k,Irish,25/8/2024,Double Jig,G,Major,2
167,437,Teahan's Favourite,https://youtu.be/5kXtfxPSubk,Irish,30/8/2024,Slide,E,minor,2
167,438,Going To The Well For Water,https://youtu.be/PWg9zL5M-ug,Irish,31/8/2024,Slide,D,Major,2
167,439,The Cock of the North,https://youtu.be/wCLQNuTzWoM,Irish,2/9/2024,Slide,G,Major,2
168,440,The Ace and Deuce of Piping,https://youtu.be/siNndekK_A4,Irish,3/9/2024,Set Dance,G,Major,2
168,441,The Enchanted Lady,https://youtu.be/rIn75kn1emw,Irish,5/9/2024,Single Reel,D,Major,2
168,442,The Holy Land,https://youtu.be/RJ7yIBShu8E,Irish,6/9/2024,Single Reel,D,Major,2
169,443,The Pipe on the Hob #1,https://youtu.be/84VNYvuK_Q0,Irish,8/9/2024,Double Jig,D,Major,2
169,444,The Pipe on the Hob #2,https://youtu.be/uc8-Od8fuXo,Irish,9/9/2024,Double Jig,A,Dorian,2
169,445,The Bank of Turf,https://youtu.be/6knOc7M0zus,Irish,10/9/2024,Double Jig,D,Major,2
,446,Frieze Britches,https://youtu.be/sKqaKMpgrD4,Irish,13/9/2024,Double Jig,D,Major,4
,447,Stor mo Chroi,https://youtu.be/zOzYigGP4oA,Irish,17/9/2024,Slow Air,,,
170,448,The Cobbler's,https://youtu.be/fujZVX2KfRY,Irish,19/9/2024,Polka,B,minor,2
170,449,Downey's,https://youtu.be/idiZRrDL5_s,Irish,20/9/2024,Polka,E,minor,2
170,450,Ballyhoura Mountains,https://youtu.be/6R7XBTlHyqU,Irish,21/9/2024,Polka,A,Major,2
171,451,The Palm Sunday,https://youtu.be/Rhv2sCu8hbs,Irish,24/9/2024,Double Jig,A,minor,2
171,452,The Humours of Kiltyclogher,https://youtu.be/TsLjHHFKWV0,Irish,25/9/2024,Double Jig,D,Mixolydian,2
171,453,Scully Casey's,https://youtu.be/IRW3kdGQErI,Irish,26/9/2024,Double Jig,D,Major,2
172,454,The Torn Jacket,https://youtu.be/2RFnn7c2xdo,Irish,29/9/2024,Double Reel,D,Major,2
172,455,The Maid Behind the Barrel,https://youtu.be/yXVerz14bKc,Irish,30/9/2024,Double Reel,G,Major,4
173,456,Give us a Drink of Water,https://youtu.be/3efZ8XCoc_Q,Irish,4/10/2024,Slip Jig,G,Major,2
173,457,The Humours of Wiskey,https://youtu.be/6-3a4ywfvDA,Irish,5/10/2024,Slip Jig,B,minor,2
173,458,The Drops of Brandy,https://youtu.be/ZWOvSNXQ7Yw,Irish,6/10/2024,Slip Jig,G,Major,2
174,459,Comb Your Hair And Curl It,https://youtu.be/pl1uz5e-Iyk,Irish,9/10/2024,Hop Jig,E,Dorian,2
174,460,The Rocky Road to Dublin,https://youtu.be/Y79uOzeHrBQ,Irish,11/10/2024,Hop Jig,A,Dorian,2
175,461,Cuilinn Uí Chaoimh,https://youtu.be/vyv-sbyKanI,Irish,12/10/2024,Double Jig,D,Major,2
175,462,Joe Deranne's Jig,https://youtu.be/L2DauycB3PM,Irish,14/10/2024,Double Jig,B,minor,2
175,463,Port Na Cordaile,https://youtu.be/ivx7NHmsYnY,Irish,15/10/2024,Double Jig,D,Major,2
176,464,The Harp and Shamrock,https://youtu.be/kf-DyWk1Zz8,Irish,17/10/2024,Hornpipe,G,Major,2
,465,The Bird,https://youtu.be/pfPgsFiObAk,Irish,19/10/2024,Hornpipe,C,Major,2